{
	"BUILD_DIR" : "/home/shiv/Documents/Project-2/pdfium/pdfium_autogen",
	"CMAKE_BINARY_DIR" : "/home/shiv/Documents/Project-2/pdfium",
	"CMAKE_CURRENT_BINARY_DIR" : "/home/shiv/Documents/Project-2/pdfium",
	"CMAKE_CURRENT_SOURCE_DIR" : "/home/shiv/Documents/Project-2/pdfium",
	"CMAKE_EXECUTABLE" : "/home/shiv/Qt/Tools/CMake/bin/cmake",
	"CMAKE_LIST_FILES" : 
	[
		"/home/shiv/Documents/Project-2/pdfium/CMakeLists.txt",
		"/home/shiv/Documents/Project-2/pdfium/CMakeFiles/3.21.1/CMakeSystem.cmake",
		"/home/shiv/Qt/Tools/CMake/share/cmake-3.21/Modules/CMakeSystemSpecificInitialize.cmake",
		"/home/shiv/Documents/Project-2/pdfium/CMakeFiles/3.21.1/CMakeCXXCompiler.cmake",
		"/home/shiv/Qt/Tools/CMake/share/cmake-3.21/Modules/CMakeSystemSpecificInformation.cmake",
		"/home/shiv/Qt/Tools/CMake/share/cmake-3.21/Modules/CMakeGenericSystem.cmake",
		"/home/shiv/Qt/Tools/CMake/share/cmake-3.21/Modules/CMakeInitializeConfigs.cmake",
		"/home/shiv/Qt/Tools/CMake/share/cmake-3.21/Modules/Platform/Linux.cmake",
		"/home/shiv/Qt/Tools/CMake/share/cmake-3.21/Modules/Platform/UnixPaths.cmake",
		"/home/shiv/Qt/Tools/CMake/share/cmake-3.21/Modules/CMakeCXXInformation.cmake",
		"/home/shiv/Qt/Tools/CMake/share/cmake-3.21/Modules/CMakeLanguageInformation.cmake",
		"/home/shiv/Qt/Tools/CMake/share/cmake-3.21/Modules/Compiler/GNU-CXX.cmake",
		"/home/shiv/Qt/Tools/CMake/share/cmake-3.21/Modules/Compiler/GNU.cmake",
		"/home/shiv/Qt/Tools/CMake/share/cmake-3.21/Modules/Compiler/CMakeCommonCompilerMacros.cmake",
		"/home/shiv/Qt/Tools/CMake/share/cmake-3.21/Modules/Platform/Linux-GNU-CXX.cmake",
		"/home/shiv/Qt/Tools/CMake/share/cmake-3.21/Modules/Platform/Linux-GNU.cmake",
		"/home/shiv/Qt/Tools/CMake/share/cmake-3.21/Modules/CMakeCommonLanguageInclude.cmake",
		"/home/shiv/Qt/5.13.2/gcc_64/lib/cmake/Qt5/Qt5ConfigVersion.cmake",
		"/home/shiv/Qt/5.13.2/gcc_64/lib/cmake/Qt5/Qt5Config.cmake",
		"/home/shiv/Qt/5.13.2/gcc_64/lib/cmake/Qt5/Qt5ConfigVersion.cmake",
		"/home/shiv/Qt/5.13.2/gcc_64/lib/cmake/Qt5/Qt5Config.cmake",
		"/home/shiv/Qt/5.13.2/gcc_64/lib/cmake/Qt5/Qt5ModuleLocation.cmake",
		"/home/shiv/Qt/5.13.2/gcc_64/lib/cmake/Qt5Core/Qt5CoreConfigVersion.cmake",
		"/home/shiv/Qt/5.13.2/gcc_64/lib/cmake/Qt5Core/Qt5CoreConfig.cmake",
		"/home/shiv/Qt/5.13.2/gcc_64/lib/cmake/Qt5Core/Qt5CoreConfigExtras.cmake",
		"/home/shiv/Qt/5.13.2/gcc_64/lib/cmake/Qt5Core/Qt5CoreConfigExtrasMkspecDir.cmake",
		"/home/shiv/Qt/5.13.2/gcc_64/lib/cmake/Qt5Core/Qt5CoreMacros.cmake",
		"/home/shiv/Qt/Tools/CMake/share/cmake-3.21/Modules/CMakeParseArguments.cmake",
		"/home/shiv/Qt/5.13.2/gcc_64/lib/cmake/Qt5Quick/Qt5QuickConfigVersion.cmake",
		"/home/shiv/Qt/5.13.2/gcc_64/lib/cmake/Qt5Quick/Qt5QuickConfig.cmake",
		"/home/shiv/Qt/5.13.2/gcc_64/lib/cmake/Qt5Qml/Qt5QmlConfigVersion.cmake",
		"/home/shiv/Qt/5.13.2/gcc_64/lib/cmake/Qt5Qml/Qt5QmlConfig.cmake",
		"/home/shiv/Qt/5.13.2/gcc_64/lib/cmake/Qt5Network/Qt5NetworkConfigVersion.cmake",
		"/home/shiv/Qt/5.13.2/gcc_64/lib/cmake/Qt5Network/Qt5NetworkConfig.cmake",
		"/home/shiv/Qt/5.13.2/gcc_64/lib/cmake/Qt5Network/Qt5Network_QConnmanEnginePlugin.cmake",
		"/home/shiv/Qt/5.13.2/gcc_64/lib/cmake/Qt5Network/Qt5Network_QGenericEnginePlugin.cmake",
		"/home/shiv/Qt/5.13.2/gcc_64/lib/cmake/Qt5Network/Qt5Network_QNetworkManagerEnginePlugin.cmake",
		"/home/shiv/Qt/5.13.2/gcc_64/lib/cmake/Qt5Qml/Qt5QmlConfigExtras.cmake",
		"/home/shiv/Qt/5.13.2/gcc_64/lib/cmake/Qt5Qml/Qt5Qml_QDebugMessageServiceFactory.cmake",
		"/home/shiv/Qt/5.13.2/gcc_64/lib/cmake/Qt5Qml/Qt5Qml_QLocalClientConnectionFactory.cmake",
		"/home/shiv/Qt/5.13.2/gcc_64/lib/cmake/Qt5Qml/Qt5Qml_QQmlDebugServerFactory.cmake",
		"/home/shiv/Qt/5.13.2/gcc_64/lib/cmake/Qt5Qml/Qt5Qml_QQmlDebuggerServiceFactory.cmake",
		"/home/shiv/Qt/5.13.2/gcc_64/lib/cmake/Qt5Qml/Qt5Qml_QQmlInspectorServiceFactory.cmake",
		"/home/shiv/Qt/5.13.2/gcc_64/lib/cmake/Qt5Qml/Qt5Qml_QQmlNativeDebugConnectorFactory.cmake",
		"/home/shiv/Qt/5.13.2/gcc_64/lib/cmake/Qt5Qml/Qt5Qml_QQmlNativeDebugServiceFactory.cmake",
		"/home/shiv/Qt/5.13.2/gcc_64/lib/cmake/Qt5Qml/Qt5Qml_QQmlPreviewServiceFactory.cmake",
		"/home/shiv/Qt/5.13.2/gcc_64/lib/cmake/Qt5Qml/Qt5Qml_QQmlProfilerServiceFactory.cmake",
		"/home/shiv/Qt/5.13.2/gcc_64/lib/cmake/Qt5Qml/Qt5Qml_QQuickProfilerAdapterFactory.cmake",
		"/home/shiv/Qt/5.13.2/gcc_64/lib/cmake/Qt5Qml/Qt5Qml_QTcpServerConnectionFactory.cmake",
		"/home/shiv/Qt/5.13.2/gcc_64/lib/cmake/Qt5Gui/Qt5GuiConfigVersion.cmake",
		"/home/shiv/Qt/5.13.2/gcc_64/lib/cmake/Qt5Gui/Qt5GuiConfig.cmake",
		"/home/shiv/Qt/5.13.2/gcc_64/lib/cmake/Qt5Gui/Qt5Gui_QComposePlatformInputContextPlugin.cmake",
		"/home/shiv/Qt/5.13.2/gcc_64/lib/cmake/Qt5Gui/Qt5Gui_QEglFSEmulatorIntegrationPlugin.cmake",
		"/home/shiv/Qt/5.13.2/gcc_64/lib/cmake/Qt5Gui/Qt5Gui_QEglFSIntegrationPlugin.cmake",
		"/home/shiv/Qt/5.13.2/gcc_64/lib/cmake/Qt5Gui/Qt5Gui_QEglFSKmsEglDeviceIntegrationPlugin.cmake",
		"/home/shiv/Qt/5.13.2/gcc_64/lib/cmake/Qt5Gui/Qt5Gui_QEglFSX11IntegrationPlugin.cmake",
		"/home/shiv/Qt/5.13.2/gcc_64/lib/cmake/Qt5Gui/Qt5Gui_QEvdevKeyboardPlugin.cmake",
		"/home/shiv/Qt/5.13.2/gcc_64/lib/cmake/Qt5Gui/Qt5Gui_QEvdevMousePlugin.cmake",
		"/home/shiv/Qt/5.13.2/gcc_64/lib/cmake/Qt5Gui/Qt5Gui_QEvdevTabletPlugin.cmake",
		"/home/shiv/Qt/5.13.2/gcc_64/lib/cmake/Qt5Gui/Qt5Gui_QEvdevTouchScreenPlugin.cmake",
		"/home/shiv/Qt/5.13.2/gcc_64/lib/cmake/Qt5Gui/Qt5Gui_QGifPlugin.cmake",
		"/home/shiv/Qt/5.13.2/gcc_64/lib/cmake/Qt5Gui/Qt5Gui_QGtk3ThemePlugin.cmake",
		"/home/shiv/Qt/5.13.2/gcc_64/lib/cmake/Qt5Gui/Qt5Gui_QICNSPlugin.cmake",
		"/home/shiv/Qt/5.13.2/gcc_64/lib/cmake/Qt5Gui/Qt5Gui_QICOPlugin.cmake",
		"/home/shiv/Qt/5.13.2/gcc_64/lib/cmake/Qt5Gui/Qt5Gui_QIbusPlatformInputContextPlugin.cmake",
		"/home/shiv/Qt/5.13.2/gcc_64/lib/cmake/Qt5Gui/Qt5Gui_QJpegPlugin.cmake",
		"/home/shiv/Qt/5.13.2/gcc_64/lib/cmake/Qt5Gui/Qt5Gui_QLinuxFbIntegrationPlugin.cmake",
		"/home/shiv/Qt/5.13.2/gcc_64/lib/cmake/Qt5Gui/Qt5Gui_QMinimalEglIntegrationPlugin.cmake",
		"/home/shiv/Qt/5.13.2/gcc_64/lib/cmake/Qt5Gui/Qt5Gui_QMinimalIntegrationPlugin.cmake",
		"/home/shiv/Qt/5.13.2/gcc_64/lib/cmake/Qt5Gui/Qt5Gui_QOffscreenIntegrationPlugin.cmake",
		"/home/shiv/Qt/5.13.2/gcc_64/lib/cmake/Qt5Gui/Qt5Gui_QTgaPlugin.cmake",
		"/home/shiv/Qt/5.13.2/gcc_64/lib/cmake/Qt5Gui/Qt5Gui_QTiffPlugin.cmake",
		"/home/shiv/Qt/5.13.2/gcc_64/lib/cmake/Qt5Gui/Qt5Gui_QTuioTouchPlugin.cmake",
		"/home/shiv/Qt/5.13.2/gcc_64/lib/cmake/Qt5Gui/Qt5Gui_QVirtualKeyboardPlugin.cmake",
		"/home/shiv/Qt/5.13.2/gcc_64/lib/cmake/Qt5Gui/Qt5Gui_QVncIntegrationPlugin.cmake",
		"/home/shiv/Qt/5.13.2/gcc_64/lib/cmake/Qt5Gui/Qt5Gui_QWaylandEglPlatformIntegrationPlugin.cmake",
		"/home/shiv/Qt/5.13.2/gcc_64/lib/cmake/Qt5Gui/Qt5Gui_QWaylandIntegrationPlugin.cmake",
		"/home/shiv/Qt/5.13.2/gcc_64/lib/cmake/Qt5Gui/Qt5Gui_QWaylandXCompositeEglPlatformIntegrationPlugin.cmake",
		"/home/shiv/Qt/5.13.2/gcc_64/lib/cmake/Qt5Gui/Qt5Gui_QWaylandXCompositeGlxPlatformIntegrationPlugin.cmake",
		"/home/shiv/Qt/5.13.2/gcc_64/lib/cmake/Qt5Gui/Qt5Gui_QWbmpPlugin.cmake",
		"/home/shiv/Qt/5.13.2/gcc_64/lib/cmake/Qt5Gui/Qt5Gui_QWebGLIntegrationPlugin.cmake",
		"/home/shiv/Qt/5.13.2/gcc_64/lib/cmake/Qt5Gui/Qt5Gui_QWebpPlugin.cmake",
		"/home/shiv/Qt/5.13.2/gcc_64/lib/cmake/Qt5Gui/Qt5Gui_QXcbEglIntegrationPlugin.cmake",
		"/home/shiv/Qt/5.13.2/gcc_64/lib/cmake/Qt5Gui/Qt5Gui_QXcbGlxIntegrationPlugin.cmake",
		"/home/shiv/Qt/5.13.2/gcc_64/lib/cmake/Qt5Gui/Qt5Gui_QXcbIntegrationPlugin.cmake",
		"/home/shiv/Qt/5.13.2/gcc_64/lib/cmake/Qt5Gui/Qt5Gui_QXdgDesktopPortalThemePlugin.cmake",
		"/home/shiv/Qt/5.13.2/gcc_64/lib/cmake/Qt5Gui/Qt5GuiConfigExtras.cmake",
		"/home/shiv/Documents/Project-2/pdfium/qml.qrc"
	],
	"CMAKE_SOURCE_DIR" : "/home/shiv/Documents/Project-2/pdfium",
	"DEP_FILE" : "",
	"DEP_FILE_RULE_NAME" : "",
	"HEADERS" : 
	[
		[
			"/home/shiv/Documents/Project-2/pdfium/pdfrenderer.h",
			"MU",
			"EWIEGA46WW/moc_pdfrenderer.cpp",
			null
		]
	],
	"HEADER_EXTENSIONS" : [ "h", "hh", "h++", "hm", "hpp", "hxx", "in", "txx" ],
	"INCLUDE_DIR" : "/home/shiv/Documents/Project-2/pdfium/pdfium_autogen/include",
	"MOC_COMPILATION_FILE" : "/home/shiv/Documents/Project-2/pdfium/pdfium_autogen/mocs_compilation.cpp",
	"MOC_DEFINITIONS" : 
	[
		"QT_CORE_LIB",
		"QT_GUI_LIB",
		"QT_NETWORK_LIB",
		"QT_QML_DEBUG",
		"QT_QML_LIB",
		"QT_QUICK_LIB"
	],
	"MOC_DEPEND_FILTERS" : 
	[
		[
			"Q_PLUGIN_METADATA",
			"[\n][ \t]*Q_PLUGIN_METADATA[ \t]*\\([^\\)]*FILE[ \t]*\"([^\"]+)\""
		]
	],
	"MOC_INCLUDES" : 
	[
		"/home/shiv/Documents/Project-2/pdfium",
		"/home/shiv/Qt/5.13.2/gcc_64/include",
		"/home/shiv/Qt/5.13.2/gcc_64/include/QtCore",
		"/home/shiv/Qt/5.13.2/gcc_64/mkspecs/linux-g++",
		"/home/shiv/Qt/5.13.2/gcc_64/include/QtQuick",
		"/home/shiv/Qt/5.13.2/gcc_64/include/QtQml",
		"/home/shiv/Qt/5.13.2/gcc_64/include/QtNetwork",
		"/home/shiv/Qt/5.13.2/gcc_64/include/QtGui",
		"/usr/include",
		"/usr/include/c++/7",
		"/usr/include/x86_64-linux-gnu/c++/7",
		"/usr/include/c++/7/backward",
		"/usr/lib/gcc/x86_64-linux-gnu/7/include",
		"/usr/local/include",
		"/usr/lib/gcc/x86_64-linux-gnu/7/include-fixed",
		"/usr/include/x86_64-linux-gnu"
	],
	"MOC_MACRO_NAMES" : [ "Q_OBJECT", "Q_GADGET", "Q_NAMESPACE", "Q_NAMESPACE_EXPORT" ],
	"MOC_OPTIONS" : [],
	"MOC_PATH_PREFIX" : false,
	"MOC_PREDEFS_CMD" : 
	[
		"/usr/bin/g++",
		"-dM",
		"-E",
		"-c",
		"/home/shiv/Qt/Tools/CMake/share/cmake-3.21/Modules/CMakeCXXCompilerABI.cpp"
	],
	"MOC_PREDEFS_FILE" : "/home/shiv/Documents/Project-2/pdfium/pdfium_autogen/moc_predefs.h",
	"MOC_RELAXED_MODE" : false,
	"MOC_SKIP" : [],
	"MULTI_CONFIG" : false,
	"PARALLEL" : 4,
	"PARSE_CACHE_FILE" : "/home/shiv/Documents/Project-2/pdfium/CMakeFiles/pdfium_autogen.dir/ParseCache.txt",
	"QT_MOC_EXECUTABLE" : "/home/shiv/Qt/5.13.2/gcc_64/bin/moc",
	"QT_UIC_EXECUTABLE" : "",
	"QT_VERSION_MAJOR" : 5,
	"QT_VERSION_MINOR" : 13,
	"SETTINGS_FILE" : "/home/shiv/Documents/Project-2/pdfium/CMakeFiles/pdfium_autogen.dir/AutogenUsed.txt",
	"SOURCES" : 
	[
		[ "/home/shiv/Documents/Project-2/pdfium/main.cpp", "MU", null ],
		[ "/home/shiv/Documents/Project-2/pdfium/pdfrenderer.cpp", "MU", null ]
	],
	"UIC_OPTIONS" : [],
	"UIC_SEARCH_PATHS" : [],
	"UIC_SKIP" : [],
	"UIC_UI_FILES" : [],
	"VERBOSITY" : 0
}
