{
	"BUILD_DIR" : "/home/shiv/Documents/Project-2/pdfium/pdfium_autogen",
	"CMAKE_BINARY_DIR" : "/home/shiv/Documents/Project-2/pdfium",
	"CMAKE_CURRENT_BINARY_DIR" : "/home/shiv/Documents/Project-2/pdfium",
	"CMAKE_CURRENT_SOURCE_DIR" : "/home/shiv/Documents/Project-2/pdfium",
	"CMAKE_SOURCE_DIR" : "/home/shiv/Documents/Project-2/pdfium",
	"INCLUDE_DIR" : "/home/shiv/Documents/Project-2/pdfium/pdfium_autogen/include",
	"INPUTS" : [ "/home/shiv/Documents/Project-2/pdfium/main.qml" ],
	"LOCK_FILE" : "/home/shiv/Documents/Project-2/pdfium/CMakeFiles/pdfium_autogen.dir/AutoRcc_qml_EWIEGA46WW_Lock.lock",
	"MULTI_CONFIG" : false,
	"OPTIONS" : [ "-name", "qml" ],
	"OUTPUT_CHECKSUM" : "EWIEGA46WW",
	"OUTPUT_NAME" : "qrc_qml.cpp",
	"RCC_EXECUTABLE" : "/home/shiv/Qt/5.13.2/gcc_64/bin/rcc",
	"RCC_LIST_OPTIONS" : [ "--list" ],
	"SETTINGS_FILE" : "/home/shiv/Documents/Project-2/pdfium/CMakeFiles/pdfium_autogen.dir/AutoRcc_qml_EWIEGA46WW_Used.txt",
	"SOURCE" : "/home/shiv/Documents/Project-2/pdfium/qml.qrc",
	"VERBOSITY" : 0
}
